Country,January,February,March,April,May,June,July,August,September,October,November,December,Label
Central African Republic,24.19172006292667,26.162192497456694,26.31467329452139,25.72685202265705,25.153515987223173,24.26169083527575,23.513775966282346,23.38632825492191,23.558405728390134,23.814748337634942,24.57200848424017,24.189195404703437,0
Ethiopia,19.29371776759367,21.186881252620623,22.16421149847894,22.166054304313807,21.836696065135094,21.426520385339117,20.243957588852567,19.902055193985333,20.123929369650547,20.401638660249297,19.50602128845259,18.63435357318593,0
Kenya,24.72247087941238,25.277052255462525,25.580942924437203,24.88785950689501,23.854461788694003,23.120946460542914,22.416008921870787,22.529067016817525,23.17207630595487,23.83579468304331,23.931149262421616,24.08891463419401,0
Madagascar,26.494722723710233,26.57003070094451,26.401518957660734,25.790695965639166,24.079547015692327,22.55027622610528,21.67524806299118,22.29544441844498,23.333648898860538,24.976724627784485,25.938114023215796,26.7098755533293,0
Malawi,25.38031691456691,25.650622314517506,25.677686065176733,24.39203815787306,23.239857576971882,21.67281061850027,21.180488923120855,23.048041829019464,27.109293352725707,28.094797723687172,28.581589947089945,27.019113531797323,0
Mauritius,26.991159125900918,27.187607669379595,26.989495803829005,26.151277777777786,24.495251047931472,23.112908029878618,22.311505376344087,22.149569892473117,22.58936492713028,23.869327956989245,25.178027777777782,26.4923782298807,0
Mozambique,26.934376132546163,27.048557196407707,26.59455678824782,24.931487810730168,23.1340246734896,21.522117112544755,20.519595890868132,22.27918984519877,24.12241421194276,25.289791473735622,26.393265598784392,26.89904153226427,0
Namibia,24.86970422941926,24.31025673824457,23.364971375826865,21.32810033769119,19.211868712828192,16.38071390902416,15.944554270295857,18.37230331968819,21.93119866308279,24.471459317713542,24.945362518837833,24.7587505017793,0
Christmas Island,25.21596774193548,25.482266009852218,25.573703374119393,26.04958095238095,25.849150537634408,25.013087912087915,24.144838709677423,23.863225806451613,23.841013136289,24.541132122110987,25.101000000000003,25.114135944700465,0
Paraguay,28.092617055059897,27.361373140249214,25.643705308484392,23.73443838322694,20.26549577290522,18.631225131469442,18.127516771174925,20.43892167975301,22.8129173323232,25.020812210225866,25.866193669553827,27.294346614319657,0
Peru,22.928982599142508,23.08621808971793,23.029104305217228,22.520835712878444,21.817758322643844,21.0052263664444,20.317131972063923,20.673296756832517,21.23937970998015,21.561599348138806,22.130188019932355,22.428417281392882,0
Cape Verde,22.357944926306377,21.802113972946916,22.205235945180767,22.82359581467472,23.824737430045662,24.78241893404006,25.84267708250772,27.048965163555188,27.503033285198825,27.11785381078719,25.399300460975613,23.520012093695293,0
Reunion,26.610000000000003,26.851576354679803,26.327741935483875,25.608333333333338,23.85548387096774,22.476333333333333,21.84064516129032,21.892258064516128,22.356333333333335,23.74032258064516,25.011333333333333,26.395806451612906,0
Rwanda,21.674838709677417,21.60137338076993,21.09129032258064,20.855166666666666,21.167311827956986,21.451399014778325,21.95361512791991,22.41232718894009,21.640518518518522,21.05193548387097,20.247000000000003,20.815483870967746,0
Brazil,26.589746271441648,26.466772810995035,26.063079465395152,25.36091799990429,23.827954288558587,23.132651407405877,22.871826907603968,23.912709235912207,25.353420813328533,26.03222703815926,26.00003710013889,26.62642886932658,0
Botswana,26.715729890528895,25.976553752560342,25.382382978806785,22.763441773893042,19.95808469305822,16.822627093129505,16.41808934675211,19.986007856851174,24.434500465804792,27.58347335802019,27.59298644599479,26.843226987100348,0
French Polynesia,26.247209954604408,26.71071744245454,26.696037597802352,26.111467146793586,25.08033304985554,24.121115308455245,23.435501286108234,23.247912509876496,23.62489030145516,24.005552423618738,25.08385288393024,25.837377031654803,0
Swaziland,24.52231182795699,24.60949753694581,24.455065284178183,21.97329805996473,20.80522273425499,19.170246913580243,18.822934382833182,21.16882187938289,22.207198808003408,22.297776356445436,23.11441740706958,24.169593001320507,0
Bolivia,25.209668850141714,24.56810051792054,24.563282938486587,23.834698316000374,21.867163727301815,20.642395994018862,20.635232285099814,22.603003164856474,25.011788760738206,25.94784837189666,25.835878854447618,25.512041914915528,0
Tonga,24.292658997849855,24.662280951498136,23.99255585817741,22.553938589586238,21.08037101767011,19.74555907566469,18.78787188091858,18.488831936476338,19.074348088367167,20.59968314383924,21.93538572492511,23.42916333933884,0
"Tanzania, United Republic of",25.35256896214717,25.553362507665607,25.24962136942164,24.58677682128245,23.811394346518956,23.070596512290894,22.619780602657602,23.237718661267042,24.211715686944636,25.256083379990525,25.605718145088343,25.451842769365815,0
Armenia,-4.470168576150283,-3.5344725158867725,1.168290817177121,6.320028275770499,11.646541837184339,15.918095793875443,18.72186075502931,18.469720641757817,14.589833998416992,8.589703719650641,2.0195450308107628,-2.7520384237634206,1
United States,-0.7928217223896035,-0.15074204559499949,3.445954769131157,7.068598324269369,11.592831078324995,16.570731652085254,19.53788866458992,18.802822301251513,15.028316143479435,8.900961243245172,3.0974691897567306,-0.677397324054402,1
Estonia,-2.993931298390679,-2.648383822106797,0.04239350497288443,5.014781985064931,11.174187961838564,15.317024765927371,17.805234751649557,17.075580536481723,13.211032785555398,7.213715425444507,3.77362453892448,0.8028231812248723,1
Kazakhstan,-11.417338541293486,-9.984457737997355,-0.9449085369919097,10.035180202282703,17.00502931160249,22.11377206630629,23.96621030168332,22.180915656195232,15.266359156420648,6.93875146509172,-2.7446706279466784,-8.84126736185583,1
Ukraine,-2.8307100242802625,-1.515768049155147,3.5314797086368372,10.46301655697689,16.307755809920224,20.50109964157706,21.748432880228044,21.49426361429067,16.371187219042806,9.520619493583075,3.871003942652331,0.16217134928893479,1
"Korea, Democratic People's Republic of",-5.791243727598564,-3.0903747947454843,3.480354838709677,10.027233333333333,15.93584946236559,20.12313703703704,23.562784946236565,24.049053763440867,19.04142146892655,12.23149462365591,4.287777777777778,-4.061204301075269,1
Kyrgyzstan,-6.3264936903164095,-4.303164167342606,3.1282728808551257,9.738881007324835,14.320018902680243,17.855180475549865,20.561125716407624,19.221836005503985,14.7628488372093,7.691688008647466,-0.02321762701363057,-5.236725421481987,1
Czech Republic,-1.183431085043988,-0.4801209135691904,3.489530791788856,8.669030303030302,12.36891495601173,16.592060606060606,18.237829912023464,18.312140762463336,13.530642010163751,8.521202346041054,3.937212121212121,0.8928445747800586,1
Lithuania,-2.988035190615837,-1.9906332821529866,1.4626370220680462,7.091619047619048,12.862235023041475,16.550952380952385,18.153652959943283,17.69927274675812,13.57640265019533,7.779824634214146,4.011324675324676,0.6890303379416282,1
"Moldova, Republic of",-2.081935483870968,-0.3100215517241377,5.2411290322580655,11.672666666666665,17.17454435483871,21.166208333333334,22.726733870967745,22.911774193548396,18.14527155172414,10.819879032258065,5.010333333333334,0.747177419354839,1
Austria,-2.4519031194260394,-1.232131888038504,2.750382031407987,7.463408455440903,10.74290370880072,15.307189474211015,16.867702450049144,16.838546245625643,12.355569854247527,7.671164489007063,3.1182032651873928,-0.8176450647674123,1
Latvia,-3.154684726881044,-2.4911960922692113,0.6947602255930052,6.041689988740781,11.915064964620393,15.908619766181278,17.8643197332311,17.19188824103599,13.25967568433344,7.383923219334276,4.037216797672346,0.7929518503224443,1
Belarus,-4.498279379606197,-3.059447356834737,1.478330120906755,8.169264903029259,14.548010979515947,18.320815721359835,19.271438814153658,18.253642969383225,13.318775788898273,6.662155687475004,2.534066111164379,-0.8405611538455753,1
Slovakia,-1.527084338328676,0.6265065935742622,5.191387096774193,10.738226584022039,14.569093701996929,19.07708278688525,20.305451612903223,20.458338709677424,15.561758219178083,9.98691870967742,5.115384920634921,0.6504490322580644,1
Tajikistan,-2.3340004523412503,-0.5990924169605416,5.66839582223531,11.7597486408869,16.63910433287556,20.708381683295215,23.464008182484466,22.136323476191105,17.79447700248504,10.744704305697066,3.6613186092599,-1.0186491962371669,1
Romania,-1.5739507266926624,0.654849171764196,5.347513293158454,10.78319600751008,15.407548456264422,19.773899267399266,21.469587025877345,21.805019947943332,17.326508763166657,10.991864587025876,5.752186813186811,1.0461944231097462,1
China,-3.5441481562885526,-0.09993858522846988,6.493685449446143,13.049470945151489,18.103404206584607,21.812878740862526,23.889794225919353,22.993493355381343,18.50812672511946,12.180476398860066,4.907389088934718,-1.8599781143234018,1
Poland,-0.9225806451612897,-0.016609605911331073,3.6389032258064526,9.089400000000001,13.729612903225808,17.68786666666667,18.991451612903223,19.04167741935484,14.476798870056495,9.267064516129029,4.832833333333333,1.809967741935484,1
South Georgia and the South Sandwich Islands,-8.200313946545801,-12.71252300650347,-18.87347961271997,-22.09350050226261,-23.83935699918608,-25.27735601679107,-27.16343411423219,-26.67932545071101,-25.15448147274384,-19.974711510297077,-12.154052182863833,-7.83826138189014,2
Saint Helena,-12.282077878960761,-17.03399395088322,-23.844026384767194,-27.32425307853819,-28.028218604513278,-29.722349279300857,-32.426617401065506,-31.75435613665321,-29.546612024745684,-24.61968407929439,-16.797024619243153,-12.246922886004231,2
Antarctica,-7.671045181316361,-13.816084345266521,-22.285333681141935,-26.70966066251566,-26.259208664696907,-28.175997580800395,-29.254408260501343,-27.19043562691359,-27.355454008141503,-22.524221712397537,-14.433247679963808,-7.531364610327417,2
French Southern Territories,-7.796425537648136,-11.904660320745915,-18.242881807656538,-22.063634977399936,-24.9280811746454,-25.582194217010983,-25.96651996913834,-25.076431057134418,-24.767897516043252,-20.944580453931103,-13.757825770666324,-9.006048702167583,2
Lebanon,11.299481444972221,12.473127922668153,14.855437876412836,17.766085847849887,21.732449666946753,24.88117689338288,27.415888241426558,27.898573218806682,26.396467957413773,22.624526561113708,17.35859063326557,13.181317120679827,3
Portugal,12.849658869140887,12.864104086924451,13.927215633830546,15.298830456349204,17.773260181071887,20.20158618535016,22.400159095642245,23.188806072116904,21.76462840794546,19.068227610622905,15.398824227996258,13.686018856063376,3
Tunisia,11.395290322580644,11.965635875536021,14.812038961038962,18.362933333333338,21.967677419354835,26.623933333333333,29.978474815928326,29.682929618768327,26.308652796420585,21.983207522104383,16.56335430062436,12.484190390254906,3
Malta,12.577741935483873,12.483460591133003,13.894838709677416,16.398333333333333,19.59548387096774,23.888,26.809999999999995,27.254838709677422,24.903,21.589354838709674,17.867333333333335,14.20032258064516,3
Spain,9.27379570089027,9.858356510035453,12.016031394484191,14.458251107784097,17.770898814046262,21.32249883801165,24.016487437882862,24.159136731044306,21.36271317117174,17.57007730721036,12.806917578513424,10.148788199559892,3
Jordan,9.614675668890104,11.685720031125236,15.429827259570942,19.889524076357773,24.785053599052333,27.585571924214587,29.778383394911355,29.509896522990164,27.527565810478357,22.80816642179191,15.988944790882206,10.97235808050991,3
Morocco,11.507237544415322,12.248865587843047,14.51329989641365,17.081730248978328,20.477867985512283,23.222699224868908,25.77945743961295,26.2515365087613,23.429114672827335,20.49728009276194,15.5737446581565,12.57893439265695,3
Israel,12.19336580223487,13.905939423145568,16.670091036414565,19.92846666666667,24.12464516129032,26.595,28.557477216034396,28.661373814041745,27.167870748299315,23.685657953895152,18.747810180623976,14.218813596016455,3
"Iran, Islamic Republic of",6.65272611904544,8.222080346151191,12.83173777315297,17.950999332210188,23.957242455775226,28.817193756952168,30.834778041536588,29.534037460978148,25.846051538746746,19.400905510790622,12.022449390603848,7.611645189650021,3
Greece,9.4502644309586,10.98034861408241,12.854606397088574,15.919992705154323,20.039033545655958,24.43943469779408,27.080237518231467,27.222524354396977,23.935161457627128,19.220061232275008,15.145522046937225,11.072966378312763,3
Gibraltar,13.869354838709677,13.785270935960591,15.125161290322584,16.730333333333334,19.250322580645165,21.656333333333336,23.898387096774194,24.522396313364055,22.733333333333338,20.079032258064515,16.558333333333334,14.860645161290321,3
Syrian Arab Republic,8.583539579938376,10.48035922447632,13.84805315889719,17.862439505237788,23.081843760285143,27.36051499872523,30.26629891586959,30.17985404687811,27.51444207566596,21.924109396233952,14.766045089102985,9.956168648174156,3
Nepal,12.124526231266731,14.480408420033664,17.829906404029558,21.02603018669763,22.74053842267952,24.397729967217497,23.945128168704365,24.10643635391526,23.168258460011717,20.56491994961439,16.313971611164245,12.85905825791942,3
Afghanistan,6.720754084625052,8.464542739838103,14.651027499951443,20.681154241019524,26.709584972462626,31.158944111814872,32.602913489736075,30.435506912442396,26.084909808607073,19.545576323002322,12.077968848302676,7.506999089113592,3
Algeria,10.026726323976543,11.111319125450102,14.49082130303699,18.601178617622605,22.717826049958738,27.268033002531524,30.90321376997948,30.353880935459436,26.34646290420029,21.237128619674777,14.978722649618495,10.989167442032189,3
Cyprus,12.270645161290322,13.11429802955665,15.123548387096772,18.243666666666666,22.3741935483871,25.75133333333333,28.336451612903232,28.841290322580647,26.819,23.092580645161288,18.408333333333335,14.223225806451614,3
Kiribati,28.430746236559138,28.373168568340986,28.27234684040468,28.31814412024757,28.707029185867896,28.645161803713528,28.61131379074927,28.731175676677793,28.895629629629628,28.757610513739547,28.845256410256404,28.54660580539224,4
Niger,22.812448799410426,26.512046600257385,30.97265755186886,33.899334186496205,34.5194271573603,32.98081240688617,30.443435013142476,28.704452047317044,30.09165771205266,30.806874850315968,27.91097980603638,23.754051034630557,4
Lao People's Democratic Republic,22.334043891673844,24.988597433064733,27.641945989881123,29.37041405985582,29.77293979925932,29.307293647763196,28.342138208205125,28.051070831255213,28.22422415810475,27.23451772436214,25.87513284989377,22.655464258567612,4
Sudan,22.964730882520946,26.41798818529195,29.875340560796126,32.28771463071415,34.31880493703781,33.631529370117434,31.52316464393055,29.632284238417146,31.034622940794257,31.388537429084003,27.836163563415234,24.44100050967379,4
Singapore,27.080967741935485,27.395320197044338,28.088064516129027,28.45133333333333,28.75129032258065,28.676666666666666,28.467741935483865,28.34258064516129,28.182333333333332,28.09935483870968,27.458333333333332,27.08225806451613,4
Cuba,24.870870967741933,25.224926108374383,25.487419354838703,26.610000000000003,27.068064516129034,28.05766666666666,28.84838709677419,29.040645161290325,28.28066666666667,27.396451612903224,26.42966666666667,25.561075268817206,4
Maldives,28.130670348205456,28.523202715675133,29.26822406643327,30.016908466855114,29.59873518059002,29.299084168770797,28.905563978964658,28.786671241253124,28.57252168147872,28.46090751452848,28.39776637829045,28.34889830897896,4
Bahamas,22.791935483870972,23.525911330049258,23.69451612903226,25.685000000000002,26.593225806451613,28.377999999999997,29.180322580645168,29.255161290322583,28.586494252873564,27.444066820276497,25.233999999999998,23.890645161290315,4
Dominican Republic,25.399107929529514,25.590003512301173,25.836678648233494,26.840911052668236,27.41681896905377,28.36689265138987,28.674016737669195,28.674507185583888,28.493471361609927,27.855912647812083,26.73234761336397,26.076119404264013,4
Senegal,25.020342472091194,26.339070421608426,28.317790131570085,29.56142438023852,30.078206256082733,30.203005634931372,29.146430573805162,28.521519131576316,28.685846223654732,29.885001914001826,28.34533005703015,25.592826163697417,4
Marshall Islands,26.643692396313366,26.270946299411275,26.79608312180714,27.421773946360155,27.876278582760442,28.503002535129657,28.534991426694226,28.701405306698426,28.592923844451054,28.254646495270435,27.86687878787879,27.20797323644097,4
Burkina Faso,25.24916556893259,28.382048490373165,31.878650234540622,32.95033048654244,31.863963797097078,29.64709504055495,27.45426958239998,26.354343184041277,27.107991619134317,28.81545033581894,28.450916666666664,25.688357836140444,4
Cambodia,27.377258064516134,28.605985221674878,30.154537634408598,30.677833333333336,30.475967741935488,29.496333333333336,28.96484479610469,28.848387096774196,28.345851025869763,28.429508834953232,28.47216666666667,27.135645161290324,4
Philippines,25.05973328431957,25.3304059411794,26.41581530130511,27.728072185831174,28.518620641839078,28.276453463787266,27.624554795425432,27.576309788479534,27.515379412455566,27.084511930072388,26.733078672694678,25.888512803237376,4
Cayman Islands,26.218387096774194,26.588866995073893,26.80258064516129,28.139333333333337,28.611612903225808,29.387,29.93096774193549,29.951935483870965,29.67966666666667,28.880000000000003,27.77,27.066774193548383,4
Myanmar,22.956723110111877,25.29222280573184,28.08450436581697,30.097664873332043,30.290233770452183,28.60340349942399,28.017431391099507,27.87940646801785,28.288609214439173,28.012344585617228,26.554838287792638,23.904796859648876,4
Chad,26.19556999310553,29.722331439485725,33.222879006016235,35.03462974781998,34.269793694728264,32.224175496201404,29.629741099337043,28.22037302285697,29.170343922959454,30.75694661297299,29.82888248866186,26.716514004614574,4
Mali,24.91373679641695,27.483870427120234,31.252989533905463,33.69149461080931,33.67910542957048,31.594503045997175,28.49573129162465,27.181551334276207,27.607265930250197,29.285957945487603,28.2243934571176,25.31810614321739,4
Jamaica,26.237419354838714,26.216360837438422,26.433548387096778,27.316166666666668,27.865000000000002,28.799500000000002,29.079838709677414,29.057580645161288,28.743666666666666,28.181129032258063,27.596999999999998,26.988064516129032,4
Nicaragua,27.44503209394774,28.124125615763553,29.19318300782475,30.60270698510529,29.79265722623733,28.372973948524795,28.209735589635113,28.469139784946243,28.21511835184102,27.62303932756269,27.807689737200974,27.553753136868416,4
India,19.690029780360035,22.54797714573083,26.233783737470407,29.397074241013495,31.396904151551773,30.26648601718211,28.43425721871041,27.944693349673816,27.862853569009424,26.836279236767307,23.662240974489187,20.537852863393432,4
Guinea-Bissau,26.574623229857387,27.678504726806324,28.44666126058207,28.942089945280447,28.973764294665443,29.008536774026744,27.41359178089982,26.896213545095456,27.592785589313173,28.841454534864436,28.63765453367581,26.777127738098784,4
Thailand,25.35390250220856,26.870629628126313,28.824316745790878,30.091338972351252,29.852016501864664,29.007473253033204,28.396425147225205,28.171779715687904,28.033199075629124,27.60734040736737,27.253742997154326,25.401353967029618,4
Zimbabwe,22.210465197359042,21.90957290618928,21.38561059333559,19.190902485677835,17.443742955828327,15.24835159574065,14.85799879381247,18.035948594281184,20.879982794560043,22.87065955810798,22.86536267621656,22.711706018622113,5
South Africa,21.47879431142523,20.956311414434502,19.518591433486094,16.139806166473313,13.683581844074979,10.772599062192858,10.357573156482543,11.993322634971152,14.655707085225652,17.08688299758807,18.701035185427564,20.59209032250532,5
Argentina,23.606824638498956,22.51602802108804,20.100660433899947,17.1173844164595,13.422412063343035,10.38133758128149,9.640118609678073,12.107292376060917,14.721151650244533,17.396561925362874,20.382583071272613,22.604584406276224,5
Australia,21.644684965486828,20.658314615408475,18.75513590537621,15.90261543118171,12.810274705367352,10.620773590050183,10.2913792247046,10.99267962772807,13.37741623886617,16.288826563715297,18.79697249188978,20.709758483611942,5
Ecuador,19.649751048038606,20.581400950994126,20.934033151994583,20.483956036222786,20.6556604561478,19.469070872993274,18.60097559688578,18.900008397577384,19.153265171958413,19.13588611225338,19.34417815599206,19.64883516639363,5
Norfolk Island,21.99032258064516,22.58995073891626,21.87096774193548,20.54566666666667,18.846774193548388,17.320999999999998,16.399677419354838,16.184193548387096,16.642333333333333,17.650322580645163,19.057919540229882,20.80516129032258,5
Uruguay,25.313718475597703,24.475189434808705,22.040549301575517,19.380193314339913,15.506724451799505,12.672115866455343,11.838628653341143,13.95368955067524,15.745855302521088,18.298819143120323,21.645500744717886,24.152343761757614,5
Montenegro,4.686063653187442,6.8755085826054225,9.986926240109558,13.936591293474626,17.479071058262072,22.434016198542576,25.21518856794464,25.605742400260738,20.88286847376016,15.521043542956221,10.772204947340594,6.354270669085966,6
Albania,6.324193548387097,8.860443349753693,11.470645161290324,14.598287356321837,18.394193548387097,22.96666666666666,25.210322580645162,25.513870967741934,21.67208045977012,16.622258064516128,12.268333333333334,7.5441935483870965,6
Serbia,1.3469892473118286,3.7022372742200327,8.327634408602151,13.624222222222224,17.195591397849462,21.623666666666665,23.580645161290324,23.894193548387094,19.23018181818182,13.208602150537633,8.08811111111111,3.060860215053763,6
Bulgaria,0.7205645161290322,3.2671828817733997,7.384758064516129,12.14225,16.71564516129032,20.920000000000005,23.258548387096777,23.438951612903228,19.19116525423729,12.737983870967742,7.679083333333334,2.8850806451612905,6
Bosnia and Herzegovina,1.7426473700709066,3.5413814155194148,7.3450787611795665,11.852667639515476,15.1695582434002,20.06616319642754,22.382541286285182,22.747588785913884,17.832619225318112,12.634988847482205,8.059389475509791,3.1615432629461933,6
Uzbekistan,0.3483928953183414,1.4007512028939715,9.079963292330449,15.99991278604659,23.06919116019563,27.55872806618367,29.623279861117464,27.03734929048389,21.126704533238595,13.117110487481531,4.751419086553179,0.3504772714037693,6
Georgia,3.4888300850072453,4.652060602438372,8.256885745848365,12.283242719007639,17.42205801833654,21.682479328987093,23.969282653220237,24.195109117914722,20.26274810579025,14.472550929467312,8.392592355655685,4.464754212306971,6
Turkmenistan,3.4621062618595837,4.166121607666893,10.877154133087064,17.318543339518172,24.980163346584803,29.794823529411758,31.831694648667757,29.238389116961645,23.475213657876953,15.339795162772768,7.247175686274508,3.1955777736091378,6
Italy,5.784786579533298,6.385728283014873,8.990635881433764,12.437733943934937,15.679453677592694,20.71917431087798,23.182843100506837,23.36168086024788,19.57867544795654,15.246669069666329,10.991850830962175,7.158776450839139,6
Japan,4.140367641479115,4.890942972745402,8.315097752041934,12.933988154289446,17.8409371260559,21.07116836983512,24.958765433047024,26.170148374744066,22.71763854937015,17.41773955226514,11.960759914545411,6.455818177921489,6
Macedonia,0.514357810028445,3.8992626760256153,7.305118174057533,11.848381858537087,15.622456329538,20.402627589996,23.12417492277702,23.436889107424946,18.893294671792532,13.071228846958638,7.920099440114737,2.5518718551871524,6
Azerbaijan,3.1701875700585385,3.810617933380249,7.950529096559853,12.583180872572495,19.381956449537096,24.22371904761905,26.462622119815666,25.697067588325655,21.057271241830072,14.698497695852534,8.132090476190474,4.256007680491551,6
"Korea, Republic of",0.7849853372434019,2.6455317957904163,7.5719904151419986,12.855696969696973,18.38847507331379,22.019545454545455,25.333225806451622,26.40791788856304,21.678969696969702,16.058856304985348,9.791212121212121,2.5956304985337244,6
Hungary,0.15155913978494576,2.2033183960249434,6.993602150537635,12.581555555555557,16.2646896914446,20.780444444444452,22.22522144725371,22.44811827956989,17.45992857142857,11.559273442662342,6.311292054624458,1.8638709677419345,6
Croatia,4.2380645161290325,5.548316912972085,9.764086021505378,14.484360799001252,17.927741935483873,22.890444444444448,24.86602150537634,24.82204301075269,19.577950191570885,14.40440860215054,9.736111111111109,5.563225806451614,6
Turkey,3.186832462517404,5.14725438758293,8.784436582999781,13.336720626410969,18.069879629750883,22.83827194337364,26.418904837839545,26.471054742253596,22.601667885057257,16.332496128148886,9.955561014916332,5.061937912327326,6
Falkland Islands (Malvinas),2.497391857586488,2.469386823573159,1.323141242389081,-1.2855075700673557,-2.751803084102267,-5.0005927266903525,-5.286763167453226,-5.525128888160211,-3.9463867239045634,-1.523440815670816,0.4071242225159658,1.8268121430287785,7
Saudi Arabia,15.74579573916578,17.91161287509967,21.579792065622286,25.367326383519615,29.99049572716215,32.93794678266279,34.135670017015684,33.71856051915401,31.69419692294357,26.837869429549357,20.936216976378827,16.907350177299914,8
United Arab Emirates,19.76019189784993,20.895567463094796,24.00645640756597,28.7601005052148,33.0245850933391,35.09345749345537,36.75086419352971,36.260192067980825,34.07410959201614,30.355375727375883,25.37258751919525,21.471560844437356,8
Qatar,18.97516129032258,19.699285714285715,23.067419354838712,28.10119540229885,33.54193548387097,36.611666666666665,37.20258064516129,36.53580645161291,34.70348275862069,31.111645161290323,25.77133333333333,20.93290322580645,8
Kuwait,13.896010272623963,16.123848522167485,20.958616742072586,26.76429023145617,33.547143507030604,38.63582055505375,40.13953703185302,39.39084835393344,35.98794270963791,29.098401151301363,20.649005747126434,15.212421810511984,8
Bahrain,18.233870967741936,18.766970443349756,22.065161290322582,26.685666666666663,31.981612903225802,34.75333333333334,36.049354838709675,35.82354838709678,34.14133333333333,30.50741935483871,24.96266666666667,20.14161290322581,8
Yemen,19.61130107526882,22.307881773399014,26.951935483870965,30.914666666666665,33.77548387096774,35.46966666666667,36.273548387096774,35.803225806451614,33.58200000000001,28.525161290322576,24.39666666666666,19.85774193548387,8
Oman,20.398170455059486,21.681451342861312,24.79650417189671,29.005049541561714,32.54372025737406,33.86948385446304,32.595793216894315,31.611731231769813,30.88725701929722,28.728291791986464,24.987022777913168,21.82790757858191,8
Iraq,12.206923577271626,14.583932867846807,19.49303416412607,24.86055570133079,31.39393625984431,35.55620970582326,37.356738221053135,37.014995094958365,34.07302492679362,26.940836932043425,18.466226479087286,13.512028708233235,8
Svalbard and Jan Mayen,-10.365301004058963,-11.143195794959663,-12.63644275774826,-9.14014954954955,-2.68820999367489,3.177482191780822,6.321311059907834,5.390164577358127,1.5261208665179993,-3.872878136200717,-7.621199145299144,-9.876464041335009,9
Greenland,-14.118563219391012,-15.184405348678737,-15.138770718264794,-10.11343708702482,-3.0528880066800257,3.4323587618251197,6.242739135329141,5.251012954814766,0.19740762054785688,-5.261142552621756,-10.069335390771261,-12.869350624707831,9
Switzerland,0.893133640552995,1.4254380717804367,5.437935654548558,9.583904761904758,12.605023041474654,17.082714285714285,19.033041474654368,18.633963133640552,14.693492753623184,10.036497695852535,5.2158336750968335,1.8549709289805754,10
United Kingdom,5.014465228281617,5.121731549849087,6.174247283784434,8.33039393939394,10.959332919934031,13.528563315713857,15.455543674010475,15.172991202346045,13.295190222877483,10.660664496320312,7.591646391660113,6.151724928416338,10
Belgium,4.148064516129033,4.2744458128078815,7.1435235732009925,10.777999999999999,13.876645161290321,17.063111111111112,18.644239631336404,18.567096774193548,15.464126436781608,11.860000000000003,7.632166666666667,5.7785980148883365,10
France,5.68511288710778,5.757098464652767,8.606961723727151,11.623058528616244,14.508760853375364,18.220245624858794,20.531170663747382,20.306187074115755,17.253151821024836,13.467026647409753,9.22469548975251,6.897515581658216,10
Netherlands,4.173096774193548,4.041559113300492,6.332322580645162,9.896399999999998,13.342583787180562,16.3296,18.21006451612903,18.226967741935482,15.311266666666672,11.878193548387095,7.690201789709173,6.040645161290322,10
Luxembourg,2.0361290322580645,2.2740024630541873,6.149354838709677,10.358,13.635806451612904,17.229333333333333,19.2241935483871,18.865806451612904,14.984,10.481612903225805,5.789,3.6045161290322576,10
Germany,2.0750618323658663,2.402578133061857,5.8417826742840475,10.420911157671593,14.124813513572164,17.895154718112714,19.57212100908292,19.44579447159243,15.272529636138188,10.765641381639643,5.997883012494805,3.992129409460116,10
Ireland,6.144551971326165,6.110179522741001,6.690537634408602,8.691814814814816,11.132544802867383,13.378014456836022,15.014134026888195,14.67046814161574,13.215653856864387,10.820967741935481,8.044787765293384,7.073105767350929,10
Denmark,2.133712014960262,1.911547619047619,3.5788172043010755,7.123111111111112,11.58989247311828,15.51533333333333,17.533870967741933,17.88997246262785,14.89288639200999,10.75225806451613,7.112555555555557,4.539569892473118,10
Norway,-3.148268235276265,-2.271430897437939,-0.41594821873648413,3.2026752420351414,7.635846099470531,11.217216806889336,13.65776670283029,12.920755285028909,10.11332729033538,5.2108467914941405,1.6978618451280005,-0.8800899064937668,11
Slovenia,-2.757258064516129,-2.3974322660098517,1.0743924731182797,5.2713333333333345,8.239999999999998,13.064666666666668,15.057096774193548,15.239193548387096,10.734258620689655,6.6685483870967746,2.6580000000000004,-1.4361290322580647,11
Finland,-7.76071190735976,-6.1253248992927585,-2.90514907489846,2.516304630997987,9.197868042948237,13.928523705486185,16.67331547109034,14.924601049680058,10.46581602493826,4.047627085056521,0.46529560454653096,-3.033457312409154,11
Iceland,-1.9931692077695515,-2.008693470472739,-2.021872631779669,0.61975172989791,4.190184530277523,8.048247867057999,9.91642856712418,9.547670315977486,6.78760325176454,2.970626256000459,-0.1757097535268024,-2.370504015721591,11
Faroe Islands,4.485161290322582,4.712992610837438,4.807068723702664,5.617333333333333,7.103225806451611,9.336,10.871290322580645,11.076935483870965,10.237977011494253,8.25258064516129,6.149666666666667,4.773225806451612,11
Saint Pierre and Miquelon,-1.6903225806451612,-2.580344827586207,-1.1183870967741936,1.960666666666667,5.743870967741936,9.467666666666668,14.243548387096775,17.055806451612902,14.236425287356322,9.70774193548387,5.138999999999999,0.7777419354838712,11
Sweden,-3.4527187676942455,-2.8072409222008057,-0.23463082437275934,4.059228013919961,9.315673779798583,13.833401531294683,16.435770357191824,15.323847273212271,11.493614465818201,6.139731495980793,2.5196871918869066,-0.35280616279430654,11
Mongolia,-21.40516249315933,-17.14312970648114,-5.727374981239184,4.870208020063667,10.957396331641124,17.131954477986966,19.268572066156036,17.099870301981188,10.278778574043974,1.3393317494164372,-10.01140934635158,-18.44284358437136,12
Canada,-12.716489973768416,-12.699149585668561,-7.405389686315063,-0.1555906170844718,7.958200074009443,13.641384770469093,16.77229140466836,15.861882374700517,10.975968983091537,3.991413105774652,-3.8408645522687186,-9.498408692469905,12
Russian Federation,-16.41277126757621,-13.664875825032947,-6.386750522421471,1.9628301459910507,9.200454546996301,15.263034533689995,17.73522716654411,15.837587929228757,9.741831032398576,1.499009981896225,-7.303297098801044,-13.231909457768442,12
Mauritania,21.074119345763116,21.986931729982274,24.174655331551797,25.51817964515579,26.92606073206779,28.807696817897106,28.138967489360645,29.524911238319266,29.66066320949387,28.658784382178176,24.92306901730259,21.86423915973444,13
Libyan Arab Jamahiriya,12.88923736874089,14.677648040583884,18.238555728009253,22.45222291388359,26.189345323680822,28.762513705311257,29.89118592674223,30.298469022706,28.586580862642847,24.472496226691913,19.162189140964692,14.198321341042348,13
Mexico,17.456269132835835,19.33221051402043,21.480750710697713,23.878404034411002,25.403616280382167,26.169223338987383,25.997889429735427,26.053033317755098,24.869403714531124,23.236395654623962,20.368743999771635,18.12259406046565,13
Egypt,14.186518298306655,16.340922612128644,19.60174163807418,23.29784167816219,27.723549972249078,30.304480429507457,31.231216955408808,31.510959676894373,29.547063080113908,25.82625045185174,20.576484308857722,16.26585151106241,13
Bermuda,18.63677419354839,18.449470443349757,18.264838709677417,19.878333333333334,21.923870967741934,24.79933333333333,27.191612903225803,27.727419354838712,26.842379310344832,24.687741935483867,21.872,20.111612903225808,13
Pakistan,11.74925364703275,14.539432865718302,19.501194559764023,25.106576857459572,29.828030674263214,32.07354137918327,31.330206314958865,30.015208317248344,28.273914430381275,24.110522564617924,18.141779769202877,13.20996918023578,13
Vietnam,20.541418481513222,21.55092563749638,23.69980156065504,26.22625186092955,28.576590885653,29.27775171782677,28.7658103296513,28.506895288707323,27.690901815876146,25.99178804888154,24.464256378338735,21.330488272729262,13
Bangladesh,18.634055012930695,22.440464537692876,25.97429258617556,28.045970501185394,28.757162994290194,29.112177447547715,28.732247690509592,28.875991407528744,28.692553103450045,27.29626226993803,23.59387206434504,19.828119125237375,13
Macao,15.747096774193551,16.342167487684726,18.984193548387093,22.68733333333334,26.550645161290323,28.82266666666667,29.18774193548387,29.101935483870967,28.489333333333338,25.960322580645162,22.492,17.19225806451613,13
New Zealand,13.646274036920664,13.283474847414038,11.362990995020253,9.041310321045497,6.98648736268387,4.814734160618329,4.75197020778201,5.438486804172777,6.661453823693783,8.28284769113544,10.148644577297569,12.829762103547836,14
Chile,11.54232004010934,10.429704590638021,8.372845589831446,5.4839368281879945,3.454616882037982,1.5449569399933747,0.7014758038218717,1.3332028025978788,2.5180520537999262,4.550540352042563,7.908596147451706,10.47196016801087,14
Seychelles,27.722258064516133,27.988346188747734,28.43354838709677,28.689,28.32087634408602,27.175166666666666,26.421935483870964,26.388064516129027,26.8223813559322,27.458387096774192,27.81383333333333,27.92209677419355,15
Gabon,27.140735589825532,27.329175674623492,27.752143736709705,27.619094802531198,27.13099235046006,25.66876964534623,24.641188097697203,25.02505798731284,26.067549623641384,26.50329016662359,26.536076618166458,26.756766309934033,15
Wallis and Futuna,27.659587789260655,27.62662151067324,27.660735300632275,27.417375982790965,27.008309142781798,26.72596696508328,26.144200515787787,26.16932671857789,26.404629585447232,26.751606123040556,27.06769100805561,27.375042262528808,15
Venezuela,27.061818667111645,27.2574243059533,27.709328932310598,27.593071322915428,27.446415567379688,27.08113701330378,26.587625633898018,26.953923158291012,27.24917696707272,26.98261335690413,27.14707626550602,26.994398110902267,15
Vanuatu,27.32651066095256,27.67044560041373,27.4333252722161,26.58535529332169,25.460704903230113,24.760781970867434,23.99799408211768,24.001851245921635,24.382917044268332,25.35044604069818,26.197516424477783,27.056377241287237,15
Papua New Guinea,28.156572626023927,28.229938736259832,27.9881164897906,27.771890558104804,27.582581873689133,26.85181943374126,26.333673007877557,26.393786270525993,26.875569513750843,27.666629361726468,28.284747988047002,28.60076980476571,15
Ghana,28.157110197287075,29.389095174306117,29.822220197695124,29.585289651919737,28.54717656933959,27.145917863238964,26.096137952951988,25.680016336305396,26.243917668677234,27.224819883285107,28.374587695709568,28.079794081809116,15
Cocos (Keeling) Islands,27.559677419354834,27.947623152709355,27.86774193548387,28.038999999999998,27.62129032258064,26.99733333333333,26.41096774193548,26.142580645161292,26.20214285714286,26.53741935483871,26.975333333333328,27.100322580645162,15
Fiji,27.101735551660802,27.184915921792633,26.92704441796754,26.43088898809524,25.398218426684483,24.733760626577904,24.038040406726896,24.091220930801978,24.71136666282529,25.583464586927025,26.25616651597348,26.769644703428412,15
Guinea,27.360329304136307,27.754626743626744,28.289066415833183,28.399667880445474,28.29864935064935,27.355784345922274,25.986739179428696,25.698683378576522,26.52489921454042,27.13836074474284,28.000268724053207,27.697548457375788,15
Guyana,26.114280002012872,26.065354470119747,26.660362139618815,27.079087464600754,26.83571390873272,26.73704430251633,26.74661396164864,27.37070445307922,27.71697588542627,27.717401521299696,27.17547138690772,26.438699639321783,15
Honduras,23.56797329476717,24.54341064649322,25.528202318266345,27.310617103743642,27.61172180428528,27.229699559832305,27.304077364149286,27.45114523070908,27.1354580132475,26.10750745585126,24.50719429379393,23.990981492870155,15
Colombia,25.166431428604955,25.40215575399089,25.425985363549987,25.467137426911172,25.42434708841008,25.514432241576355,25.554499965071237,25.67880092584192,25.638364311587885,24.957891192682876,24.79580819428643,24.991498927612888,15
Indonesia,27.07441264080864,27.091365963915614,27.30284259369236,27.505317573782783,27.623888440948825,27.17982325072898,26.811107234766148,26.905930648944967,27.17582093675668,27.560737476633307,27.586768041025245,27.308548342243633,15
Congo,26.209437420600644,26.849130696145902,27.146193486234175,27.01497755326372,26.49078505856657,24.96816840982484,24.12368681818429,24.422097540399047,25.135023132036146,25.72779247153781,25.797775688053225,25.821934006541806,15
Togo,27.731315599652117,29.50051580440395,30.09297236432793,29.428026945067586,28.213875917310027,26.770101274850752,25.712496552950547,25.216243538314476,25.70483637678142,26.710356493012604,27.737345488626755,27.474463456348452,15
Cameroon,26.06098683129836,28.419873927289746,30.377680929518824,30.501178297780605,28.946062347071877,27.084697003928046,25.868597726728797,25.39919050216725,25.596844674450928,26.69154548812357,27.300289841392594,26.22436512461947,15
Solomon Islands,27.554987756650497,27.32195091913973,27.200593735390367,27.14595936378011,27.1767097096613,26.826241054613934,26.531948924731182,26.541484338475925,26.91485101010101,27.112573632538574,27.39913780663781,27.677308321645626,15
Malaysia,26.863385304659488,27.1324661759759,27.616897143871164,28.010519036175843,28.18703123981752,28.002522782819756,27.73137983518398,27.684337894268303,27.463252003662326,27.276094746825787,27.08263871532783,26.97072273963691,15
Benin,27.02775349511241,29.024760936937792,30.128718822811805,29.70921409584819,28.48020110089011,26.943098318224145,25.842270221498374,25.236862207204446,25.796257471723397,26.779930447380185,27.66801014976871,26.93844350741215,15
French Guiana,25.77190744331504,25.74638011187165,26.20108801360746,26.065365291350457,25.66258325118891,25.837660278949574,25.841995692045902,26.517357035734022,27.214752106453496,27.176584433188925,26.559399951225224,25.747563472167865,15
Sri Lanka,24.58195355116755,25.283481628149293,26.409449725238108,26.966800683284436,27.13476278801187,26.915883089159585,26.630977690054333,26.376389613884868,26.126455887825465,25.79131728303941,25.192239385966698,24.761665659289367,15
Liberia,26.45951753511598,27.36586034482759,27.763814250265863,27.60547753396029,27.216886169818316,26.116719029374206,25.29779823682629,25.051913978494625,25.594232142857145,26.355000782762737,26.791393085203424,26.69312803700017,15
Sierra Leone,27.60766347681544,27.964441341066344,28.15407132097034,28.43749703170393,28.462740556934104,27.24450502668893,26.280460182714855,26.000587904452594,26.631730721033353,27.428469737251998,27.70483974358974,27.356027790137187,15
Suriname,25.62032258064516,25.569039408866995,26.0841935483871,26.31731388152077,26.267349944382648,26.18726586706647,26.31525732295143,27.04047311827957,27.594,27.59695044413278,27.02528571428571,25.949043010752682,15
Costa Rica,25.743626292135747,26.25044154751892,26.74756495211981,27.31727175368139,26.682815327889823,26.167135203890087,26.081801022815377,26.10661196068824,25.688222008992767,25.277264011309544,25.352250493996046,25.569224453707214,15
Mayotte,28.049032258064518,27.919716748768472,28.281290322580645,28.577333333333332,27.770322580645164,26.64633333333333,25.702580645161287,25.40258064516129,25.88433333333333,27.109677419354835,27.982,28.402021505376347,15
Zambia,26.69691985645933,26.955430839002272,26.3842239010989,25.048330828290066,23.322526455026452,20.949945826103722,22.534310134310136,24.234289447616653,28.73463423831071,31.903075519910196,29.87920875420875,28.634259910860898,15
"Congo, The Democratic Republic of the",26.46145927712202,26.73842619690737,26.95559654364058,26.74538016340157,26.115283464896965,24.468522399711205,23.91257715819973,24.91569950660449,26.16381000079403,26.409306071476607,26.063760473127424,25.99341506290225,15
El Salvador,26.618245149427885,27.018272092668646,27.710873746970513,28.01693228739772,27.69659298336608,27.355457569468467,27.953824083735242,27.563784119106696,26.750572098105085,26.48620638740681,26.85986235537694,26.725732592431484,15
Equatorial Guinea,27.559719497732374,27.906029443774298,27.805254196603112,27.554402119799626,27.1484481988871,26.294737421209113,25.477341047218328,25.408376784769967,25.626464691603225,25.808192309195846,26.490008771929826,27.217378575718335,15
Cote d'Ivoire,27.038011579901696,28.22550081022417,28.50689493892225,28.340058287585,27.569594701323194,26.32651968013416,25.407410606202,24.962302563077152,25.554282988710348,26.47550540725617,27.100562306613806,26.72241007180873,15
Nigeria,26.152702297973292,28.319109155781724,30.46584494813921,30.738873657383294,29.758667960232792,27.919324337381642,26.398300066425417,25.630474546808284,26.248620303443516,27.351842983774883,27.63824567519445,26.389706790145823,15
